{
  "model_early": {
    "motions": {
        "15mins": {
          "input": [
            [[1.9260654, -1.7873888]],
            [[4.947108, -5.031476]],
            [[5.909234, -7.1849318]],
            [[4.414959, -4.542821]],
            [[1.7157934, -1.6911721]]
          ],
          "output": [
            [7.039362, -6.0738764],
            [1.1701852, -1.2453823],
            [1.5783117, -1.504734],
            [0.5910967, -0.5894978],
            [3.3301368, -3.0071216],
            [0.97390693, -0.606743]
          ]
        }
    },
    "fairleads": {
        "default": {
          "input": [
            [[1.9260654, -1.7873888]],
            [[4.947108, -5.031476]],
            [[5.909234, -7.1849318]],
            [[4.414959, -4.542821]],
            [[1.7157934, -1.6911721]]
          ],
          "output": [
            [1278988.0, 598620.6],
            [1041572.1, 782241.4],
            [1051460.0, 807192.1]
          ]
        }
    }
  }
}
